[{ "id": "Welcome", "parent" : "#", "text": "Welcome", "a_attr": {"href": "Welcome.html"}  },{ "id": "GettingStarted", "parent" : "#", "text": "Getting Started", "a_attr": {"href": "GettingStarted.html"}  },{ "id": "TextEditor", "parent" : "#", "text": "Text Editor", "a_attr": {"href": "TextEditor.html"}  },{ "id": "FormulaEditor", "parent" : "#", "text": "Formula Editor", "a_attr": {"href": "FormulaEditor.html"}  },{ "id": "AutoFormattingandSyntaxHighlight", "parent" : "#", "text": "Auto Formatting and Syntax Highlighting", "a_attr": {"href": "AutoFormattingandSyntaxHighlight.html"}  },{ "id": "ContactingUs", "parent" : "#", "text": "Contacting Us", "a_attr": {"href": "ContactingUs.html"}  },{ "id": "SoftwareAgreement", "parent" : "#", "text": "Software Agreement", "a_attr": {"href": "SoftwareAgreement.html"}  },{ "id": "ChangesLog", "parent" : "#", "text": "Changes Log", "a_attr": {"href": "ChangesLog.html"}  }]